Product ID,Merchant Store,Merchant Slug,Product Name,Category,Price (INR),Original Price (INR),Stock Inventory,Tags,Technical AI Specs,Full Description
prod_bf_charger_01,ByteForge,byteforge,Anker 100W GaN Fast Charger & Powerbank,Accessories,"₹3,999.00","₹4,999.00",80,"charger, powerbank, anker, fast-charge, usb-c, magsafe, accessory","power: 100W GaN Fast Charge | capacity: 10,000mAh Magnetic Powerbank","Multi-device 100W GaN fast charger with 10,000mAh magnetic powerbank, dual USB-C PD 3.0 ports, compact foldable prongs, charges smartphones to 50% in 20 minutes."
prod_bf_gpu_01,ByteForge,byteforge,NVIDIA GeForce RTX 4090 24GB,Graphics Cards,"₹189,999.00","₹199,999.00",8,"gpu, nvidia, rtx4090, graphics-card, processor, vram, ai, gaming, flagship","chipset: NVIDIA GeForce RTX 4090 | cuda_cores: 16,384 | vram: 24GB GDDR6X (384-bit bus) | boost_clock: 2520 MHz | dlss: DLSS 3.5 with Frame Generation & Ray Reconstruction","Ultimate flagship GPU powered by NVIDIA Ada Lovelace architecture, 16,384 CUDA cores, 24GB GDDR6X VRAM, 4th Gen Tensor cores, DLSS 3.5 frame generation, and 8K ray tracing rendering engine for AI & 4K gaming."
prod_bf_gpu_02,ByteForge,byteforge,NVIDIA GeForce RTX 4080 Super 16GB,Graphics Cards,"₹104,999.00","₹114,999.00",15,"gpu, nvidia, rtx4080, graphics-card, processor, vram, 4k-gaming","chipset: NVIDIA GeForce RTX 4080 Super | cuda_cores: 10,240 | vram: 16GB GDDR6X (256-bit bus)","High-end 4K gaming GPU with 10,240 CUDA cores, 16GB GDDR6X memory, 23 Gbps memory speed, DLSS 3.5 AI upscaling, 3x DisplayPort 1.4a, and vapor-chamber triple fan cooling."
prod_bf_003,ByteForge,byteforge,RTX 4060 Ti Graphics Card,Graphics Cards,"₹34,999.00","₹39,999.00",12,"gpu, nvidia, rtx, gaming",chipset: RTX 4060 Ti | vram: 8GB GDDR6 | tdp: 160W | ports: 3x DP + 1x HDMI,"NVIDIA GeForce RTX 4060 Ti 8GB GDDR6, ray tracing, DLSS 3.0, dual-fan cooler."
prod_bf_001,ByteForge,byteforge,Vortex Mechanical Keyboard,Keyboards,"₹5,499.00","₹6,999.00",38,"keyboard, mechanical, hot-swap, gateron",switches: Gateron Yellow | layout: TKL 87-key,"Hot-swappable TKL mechanical gaming keyboard with Gateron Yellow switches, PBT doubleshot keycaps, and per-key RGB backlighting."
prod_bf_002,ByteForge,byteforge,Phantom X Wireless Mouse,Mice,"₹3,999.00","₹4,999.00",65,"mouse, wireless, gaming, lightweight",sensor: PAW3395 | dpi: 26000 | weight: 58g,"Lightweight 58g wireless gaming mouse with PAW3395 sensor, 26K DPI, optical switches, and 80hr battery life."
prod_bf_004,ByteForge,byteforge,"UltraView 27"" 165Hz Monitor",Monitors,"₹24,999.00","₹29,999.00",18,"monitor, qhd, 165hz, ips",panel: IPS | resolution: 2560x1440 | refresh: 165Hz | response: 1ms GTG,"27-inch QHD IPS gaming monitor, 165Hz, 1ms GTG, AMD FreeSync Premium, USB-C PD 65W."
prod_bf_phone_02,ByteForge,byteforge,Apple iPhone 15 Pro Max,Smartphones,"₹159,900.00","₹169,900.00",18,"smartphone, apple, iphone, camera, processor, a17pro, flagship, ios, 5g","processor: Apple A17 Pro (3nm) 6-core CPU + 6-core Neural Engine | camera: 48MP Main (sensor-shift OIS) + 12MP 5x Telephoto (120mm focal) + 12MP Ultra-wide | display: 6.7"" Super Retina XDR OLED, 120Hz ProMotion, Always-On Display | ram: 8GB Unified Memory | storage: 256GB NVMe | chassis: Grade 5 Titanium frame with Ceramic Shield | key_advantage: Best for 4K ProRes video creation, iOS ecosystem, A17 Pro ray-tracing gaming, and 5x optical zoom","Apple flagship powered by A17 Pro 3nm chip with 6-core GPU, 48MP Pro camera system with 5x Telephoto optical zoom lens, 4K 60fps ProRes video recording, Super Retina XDR OLED display with ProMotion 120Hz, Natural Titanium design, and USB-C 3.0."
prod_bf_phone_01,ByteForge,byteforge,Samsung Galaxy S24 Ultra 5G,Smartphones,"₹129,999.00","₹139,999.00",25,"smartphone, samsung, galaxy, camera, processor, snapdragon, flagship, 5g, android","processor: Qualcomm Snapdragon 8 Gen 3 for Galaxy (4nm) | camera: 200MP Main + 50MP Periscope (5x optical) + 10MP Telephoto + 12MP Ultra-wide | display: 6.8"" QHD+ Dynamic AMOLED 2X, 120Hz Adaptive, 2600 nits peak brightness | ram: 12GB LPDDR5X | storage: 512GB UFS 4.0 | battery: 5000mAh with 45W fast charge | key_advantage: Best for 200MP 100x Space Zoom photography, S Pen stylus productivity, and Snapdragon 8 Gen 3 performance","Flagship Android productivity phone powered by Snapdragon 8 Gen 3 for Galaxy, 200MP Quad Camera with 100x Space Zoom, 6.8"" QHD+ Dynamic AMOLED 120Hz display, 12GB RAM, 512GB UFS 4.0 storage, Titanium frame, and embedded S Pen."
prod_bf_phone_03,ByteForge,byteforge,OnePlus 12 5G,Smartphones,"₹69,999.00","₹74,999.00",40,"smartphone, oneplus, camera, processor, hasselblad, snapdragon, fast-charge, 5g","processor: Qualcomm Snapdragon 8 Gen 3 (4nm) | camera: 50MP Sony LYT-808 OIS + 64MP 3x Periscope + 48MP Ultra-wide (Hasselblad tuned) | display: 6.82"" 2K+ LTPO 4.0 AMOLED, 1-120Hz, 4500 nits peak | ram: 16GB LPDDR5X | storage: 512GB UFS 4.0 | battery: 5400mAh with 100W SUPERVOOC & 50W AIRVOOC | key_advantage: Best value flagship under ₹70k with ultra-fast 100W charging, 16GB RAM, and Hasselblad color tuning","Value flagship powered by Snapdragon 8 Gen 3, 4th Gen Hasselblad Camera for Mobile with Sony LYT-808 sensor, 64MP periscope telephoto, 2K 120Hz ProXDR display, 100W SUPERVOOC fast charge (0 to 100% in 26 mins), and 5400mAh battery."
prod_dc_004,DeskCraft,deskcraft,CableVault Under-Desk Organizer,Accessories,₹999.00,,90,"cable-management, under-desk, organizer, steel",material: Powder-coated steel mesh | length: 40cm | mounting: Screw/adhesive | load: 5kg,"Under-desk cable management tray, 40cm steel mesh, holds power strips and adapters."
prod_dc_chair_01,DeskCraft,deskcraft,Herman Miller Aeron Ergonomic Chair,Chairs,"₹124,999.00","₹139,999.00",10,"chair, ergonomic, herman-miller, office, desk",suspension: 8Z Pellicle mesh | support: PostureFit SL lumbar,"Iconic ergonomic office chair with breathable 8Z Pellicle mesh suspension, PostureFit SL sacral/lumbar support, fully adjustable armrests, and smooth tilt mechanism."
prod_dc_001,DeskCraft,deskcraft,AeroDesk Pro Dual-Motor Standing Desk,Desks,"₹27,999.00","₹34,999.00",14,"standing-desk, electric, bamboo, dual-motor, desk",motor: Dual electric | desktop: 60x30 inch solid bamboo,"Electric sit-stand standing desk with 60x30 inch solid bamboo desktop, dual electric motors, memory presets, and anti-collision sensor."
prod_dc_003,DeskCraft,deskcraft,LumiBar LED Desk Lamp,Lighting,"₹2,999.00",,48,"desk-lamp, led, no-glare, usb-c",type: Asymmetric LED bar | temps: 5 (2700K-6500K) | dimming: Touch stepless | usbC: 15W PD,"Asymmetric LED desk lamp with no-glare screen mode, 5 color temps, touch dimmer, USB-C charge."
prod_dc_002,DeskCraft,deskcraft,FlexiMount Gas-Spring Monitor Arm,Monitor Arms,"₹3,499.00","₹4,499.00",35,"monitor-arm, gas-spring, vesa, ergonomic",range: 17-34 inch | mount: VESA 75/100,"Heavy-duty gas spring single monitor arm supporting 17-34 inch displays, VESA 75/100, integrated cable management."
prod_gl_001,GlowLab,glowlab,ClearPore Salicylic Gel Face Wash,Cleansers,₹449.00,₹599.00,200,"face-wash, salicylic-acid, cleanser, acne, skincare",active: Salicylic Acid 2% | pH: 5.5,"Salicylic acid 2% gel cleanser for acne prone and oily skin. Fragrance-free, dermatologist formulated at pH 5.5."
prod_gl_002,GlowLab,glowlab,HydraShield Moisturizer,Moisturizers,₹699.00,₹899.00,130,"moisturizer, hyaluronic-acid, niacinamide, gel",actives: Hyaluronic acid + Niacinamide 5% + Ceramides | texture: Lightweight gel | size: 50ml,"Lightweight gel moisturizer with hyaluronic acid, niacinamide 5%, and ceramides. Non-comedogenic."
prod_gl_serum_01,GlowLab,glowlab,SkinCeuticals C E Ferulic Vitamin C Serum,Serums,"₹15,999.00","₹17,999.00",50,"serum, vitamin-c, skinceuticals, skincare, anti-aging, dermatologist",actives: 15% L-ascorbic acid + 1% Vitamin E + 0.5% Ferulic acid,"Dermatologist-recommended advanced antioxidant serum with 15% pure L-ascorbic acid, 1% alpha-tocopherol (Vitamin E), and 0.5% ferulic acid for maximum photo-protection & anti-aging."
prod_gl_004,GlowLab,glowlab,BrightBoost Vitamin C Serum,Serums,"₹1,299.00","₹1,599.00",75,"serum, vitamin-c, brightening, anti-aging",actives: 15% L-Ascorbic acid + Vitamin E + Ferulic acid | target: Dark spots + radiance | size: 30ml,"15% L-Ascorbic acid serum with Vitamin E and Ferulic acid. Dark spot corrector, glass dropper bottle."
prod_gl_003,GlowLab,glowlab,UVGuard SPF 50+ Sunscreen,Sunscreen,₹599.00,,180,"sunscreen, spf50, broad-spectrum, no-white-cast",spf: 50+ PA++++ | type: Chemical + Mineral hybrid | waterResistant: 80 min | size: 50ml,"Broad-spectrum SPF 50+ PA++++ sunscreen. Water-resistant, no white cast, for all skin types."
prod_hc_001,HomeChef Co.,homechef,Breville Barista Touch Espresso Machine,Appliances,"₹89,999.00","₹99,999.00",15,"espresso, coffee, breville, appliance, kitchen",heat_up: 3 seconds | grinder: Integrated Conical Burr,"Automated touchscreen espresso machine with integrated precision conical burr grinder, ThermoJet 3-second heat up, dual boilers, and automatic microfoam milk texturing."
prod_hc_003,HomeChef Co.,homechef,QuietBlend Pro 1500W Blender,Appliances,"₹5,999.00","₹7,999.00",20,"blender, quiet, kitchen, appliance",power: 1500W | capacity: 2L,"High-performance commercial blender with sound enclosure shield, 1500W motor, 2L Tritan jar, and 10 speed settings."
prod_hc_002,HomeChef Co.,homechef,"Cast Iron Skillet 12""",Cookware,"₹2,299.00",,55,"skillet, cast-iron, pre-seasoned, cookware",material: Cast iron | size: 12 inch | seasoning: Pre-seasoned | ovenSafe: 260°C,"Pre-seasoned cast iron skillet, 12-inch, dual handles, oven-safe to 260°C."
prod_hc_004,HomeChef Co.,homechef,Stainless Steel Spoon Set (6),Utensils,₹499.00,,150,"spoons, stainless-steel, serving, utensils",material: 18/10 Stainless steel | pieces: 6 | finish: Mirror polish | care: Dishwasher-safe,"Set of 6 mirror-polished stainless steel serving spoons. Dishwasher-safe, ergonomic handles."
prod_sw_001,SonicWave,sonicwave,Nova Bookshelf Speakers (Pair),Bookshelf Speakers,"₹8,999.00","₹11,999.00",21,"speakers, bookshelf, powered, bluetooth","power: 50W x2 | drivers: 4"" woofer + 1"" silk tweeter | bluetooth: 5.3 aptX HD | inputs: Bluetooth/Optical/RCA/USB","Powered bookshelf speakers, 50W per channel, Bluetooth 5.3, optical input, walnut finish."
prod_sw_headphones_01,SonicWave,sonicwave,Sony WH-1000XM5 ANC Headphones,Headphones,"₹29,990.00","₹34,990.00",45,"headphones, sony, anc, noise-canceling, bluetooth, audio, wireless","noise_canceling: Dual Processor V1 + QN1 with 8 microphones | driver: 30mm precision-engineered carbon fiber driver unit | battery: 30 hours (3 min charge = 3 hours playback) | codecs: LDAC, AAC, SBC, Hi-Res Audio Wireless certified","Industry-leading Noise Canceling wireless over-ear headphones with Integrated Processor V1, HD Noise Canceling Processor QN1, 8 microphones, 30-hour battery, LDAC Hi-Res Audio, and Speak-to-Chat."
prod_sw_003,SonicWave,sonicwave,PulseGo Portable Speaker,Portable Speakers,"₹3,499.00",,60,"portable, bluetooth, waterproof, outdoor",power: 20W | battery: 18hr | waterproof: IPX7 | charging: USB-C fast charge (2hr),"Waterproof IPX7 portable Bluetooth speaker, 20W, 18hr battery, USB-C fast charge."
prod_sw_002,SonicWave,sonicwave,ArcBar 2.1 Soundbar,Soundbars,"₹14,999.00","₹18,999.00",15,"soundbar, dolby-atmos, subwoofer, hdmi-earc",power: 280W total | channels: 2.1 | audio: Dolby Atmos | connectivity: HDMI eARC + Bluetooth 5.2 + Optical,"2.1 soundbar with wireless subwoofer, Dolby Atmos, HDMI eARC, 280W total output."
prod_sw_soundbar_01,SonicWave,sonicwave,Bose Smart Soundbar 900 Dolby Atmos,Speakers,"₹84,900.00","₹94,900.00",12,"speaker, soundbar, bose, dolby-atmos, spatial-audio, home-theater, hifi","audio_tech: Dolby Atmos, Voice4Video, PhaseGuide directional sound | drivers: 9 total transducers (2 up-firing dipole, 1 center tweeter, 6 full-range)","Flagship home theater soundbar featuring Dolby Atmos spatial audio, 9 custom drivers including two custom up-firing dipole transducers, PhaseGuide technology, and Voice Assistant integration."
prod_sw_speaker_02,SonicWave,sonicwave,JBL Boombox 3 Portable Bluetooth Speaker,Speakers,"₹35,999.00","₹39,999.00",30,"speaker, jbl, portable, waterproof, bluetooth, bass, audio",speakers: 3-way (Subwoofer 80W + 2x Midrange 40W + 2x Tweeter 10W) | waterproof: IP67 dust and waterproof rating,"Massive sound portable speaker with 3-way speaker system (heavy-duty subwoofer + 2 mid-range drivers + 2 tweeters), IP67 dust/waterproof, 24-hour battery, and built-in powerbank."
prod_sw_speaker_01,SonicWave,sonicwave,Marshall Stanmore III Wireless Speaker,Speakers,"₹31,999.00","₹34,999.00",20,"speaker, marshall, bluetooth, hifi, audio, vintage, home-audio","power_output: 80W Total (1x 50W Class D Woofer + 2x 15W Tweeters) | frequency_range: 45–20,000 Hz | connectivity: Bluetooth 5.2 LE Audio, 3.5mm Aux, RCA","Iconic home audio speaker with wider soundstage, 80W Class D amplification, 5.25"" woofer, two 3/4"" tweeters, Bluetooth 5.2 LE audio, RCA & 3.5mm inputs, and vintage brass controls."
prod_sw_004,SonicWave,sonicwave,"StudioRef 5"" Monitor Speakers",Studio Monitors,"₹12,999.00","₹14,999.00",8,"studio-monitors, reference, flat-response, xlr","power: 70W bi-amped per speaker | driver: 5"" Kevlar woofer + 1"" silk dome | response: 48Hz-22kHz ±1dB | inputs: XLR/TRS balanced","Active studio reference monitors, 5"" woofer, flat frequency response, XLR/TRS inputs. Sold as pair."
